{
  "id": "7999d356-492c-4aa5-81b1-10b4606cb06b",
  "alias": "AtlasPeopleWebpartConnectWebPart",
  "componentType": "WebPart",
  "version": "0.0.1",
  "manifestVersion": 2,
  "requiresCustomScript": false,
  "supportedHosts": [
    "SharePointWebPart",
    "TeamsPersonalApp",
    "TeamsTab",
    "SharePointFullPage"
  ],
  "supportsThemeVariants": true,
  "supportsFullBleed": true,
  "preconfiguredEntries": [
    {
      "groupId": "5c03119e-3074-46fd-976b-c60198311f70",
      "group": {
        "default": "Other"
      },
      "title": {
        "default": "Atlas-People-Webpart-CONNECT"
      },
      "description": {
        "default": "Atlas-People-Webpart-CONNECT description"
      },
      "officeFabricIconFontName": "Page",
      "properties": {
        "description": ""
      }
    }
  ],
  "loaderConfig": {
    "internalModuleBaseUrls": [
      "<!-- PATH TO CDN -->"
    ],
    "entryModuleId": "atlas-people-webpart-connect-web-part",
    "scriptResources": {
      "atlas-people-webpart-connect-web-part": {
        "type": "path",
        "path": "atlas-people-webpart-connect-web-part_7355c9363fc39ff005bc.js"
      },
      "@microsoft/sp-property-pane": {
        "type": "component",
        "id": "f9e737b7-f0df-4597-ba8c-3060f82380db",
        "version": "1.13.1"
      },
      "AtlasPeopleWebpartConnectWebPartStrings": {
        "type": "path",
        "path": "AtlasPeopleWebpartConnectWebPartStrings_en-us_b41dd8b4c7f5f69692bd8f24e2b83745.js"
      },
      "@microsoft/sp-lodash-subset": {
        "type": "component",
        "id": "73e1dc6c-8441-42cc-ad47-4bd3659f8a3a",
        "version": "1.13.1"
      },
      "ControlStrings": {
        "type": "localizedPath",
        "paths": {
          "bg-BG": "ControlStrings_bg-bg_563ca021db63b04d5f0a11a1057f4651.js",
          "ca-ES": "ControlStrings_ca-es_09ca17f8103cf8b37099592af021710a.js",
          "da-DK": "ControlStrings_da-dk_a7f8e7c33162d994415cb4fbdac502cd.js",
          "de-DE": "ControlStrings_de-de_6333b0e6c9c12720de4dde539abf66dd.js",
          "el-GR": "ControlStrings_el-gr_88d478c6224f8fa7e26e4b4823babafa.js",
          "en-US": "ControlStrings_en-us_b4cd8c7b74220c708c8044df7f813da4.js",
          "es-ES": "ControlStrings_es-es_8c8007a3a011810041a52c1a3f6129a1.js",
          "et-EE": "ControlStrings_et-ee_9c76cd852693b2e599913b14c87ee2a9.js",
          "eu-ES": "ControlStrings_eu-es_dd9c0118a3b5a4628088265625c16d97.js",
          "fi-FI": "ControlStrings_fi-fi_3c45374119e54833144c5c8b110f2e4d.js",
          "fr-CA": "ControlStrings_fr-ca_1edac53bab8671fd74139194f87e3ee6.js",
          "fr-FR": "ControlStrings_fr-fr_21939c2424e2fa7c72c6d8ad712464c1.js",
          "it-IT": "ControlStrings_it-it_919ae93afc7f595efa27457cd22c51a0.js",
          "ja-JP": "ControlStrings_ja-jp_bfb37dc526214ef57b8ff422c390c471.js",
          "lt-LT": "ControlStrings_lt-lt_244c5e8f909f6faa549b4afc8a358d7c.js",
          "lv-LV": "ControlStrings_lv-lv_df574de74097684cebebb7ff4c142152.js",
          "nb-NO": "ControlStrings_nb-no_ed498d2bc6e7850b3554c7412963e19e.js",
          "nl-NL": "ControlStrings_nl-nl_17517759ba6c13531f4e3817724ba564.js",
          "pl-PL": "ControlStrings_pl-pl_3f8cfb7dee7115495c3c0baf0182b319.js",
          "pt-BR": "ControlStrings_pt-br_593655f092201b322c409731efc7587a.js",
          "pt-PT": "ControlStrings_pt-pt_b6bfd6ee11bd17221fee2dfb9b533ae4.js",
          "ro-RO": "ControlStrings_ro-ro_1b1d21d13e75606eb4dd2f4a96a5af9f.js",
          "ru-RU": "ControlStrings_ru-ru_081ebc3c0d7d97d77b78217487f1a20c.js",
          "sk-SK": "ControlStrings_sk-sk_f177beac4012ef4c54576407f365bdf3.js",
          "sr-Latn-RS": "ControlStrings_sr-latn-rs_444eb0a63868ca76025fcc4549cf26c1.js",
          "sv-SE": "ControlStrings_sv-se_1c62c23339b06af1015cd19f9af63c2d.js",
          "tr-TR": "ControlStrings_tr-tr_2b275c7720d0927d9c71017af640f8d8.js",
          "vi-VN": "ControlStrings_vi-vn_0a8a32d3446df93da5c03958dea8c69b.js",
          "zh-CN": "ControlStrings_zh-cn_b96933b299a5e64d8b91aee03d503f39.js",
          "zh-TW": "ControlStrings_zh-tw_590fbe14c5dd7614fc67b44947aba1cf.js"
        },
        "defaultPath": "ControlStrings_en-us_b4cd8c7b74220c708c8044df7f813da4.js"
      },
      "@microsoft/sp-core-library": {
        "type": "component",
        "id": "7263c7d0-1d6a-45ec-8d85-d4d1d234171b",
        "version": "1.13.1"
      },
      "@microsoft/sp-webpart-base": {
        "type": "component",
        "id": "974a7777-0990-4136-8fa6-95d80114c2e0",
        "version": "1.13.1"
      },
      "react": {
        "type": "component",
        "id": "0d910c1c-13b9-4e1c-9aa4-b008c5e42d7d",
        "version": "16.13.1"
      },
      "react-dom": {
        "type": "component",
        "id": "aa0a46ec-1505-43cd-a44a-93f3a5aa460a",
        "version": "16.13.1"
      },
      "@microsoft/sp-http": {
        "type": "component",
        "id": "c07208f0-ea3b-4c1a-9965-ac1b825211a6",
        "version": "1.13.1"
      },
      "PropertyControlStrings": {
        "type": "localizedPath",
        "paths": {
          "bg-BG": "PropertyControlStrings_bg-bg_0f530fd9341d511d823f544336e05451.js",
          "ca-ES": "PropertyControlStrings_ca-es_d0bea49bdde90c515176e5ca95aa4505.js",
          "da-DK": "PropertyControlStrings_da-dk_09260ca2ba6359b55c5cc2de35476162.js",
          "de-DE": "PropertyControlStrings_de-de_26e838864f35345662f9cb69d075fc59.js",
          "el-GR": "PropertyControlStrings_el-gr_8a3df889e1de9d5be1de15247b784967.js",
          "en-US": "PropertyControlStrings_en-us_8d31c2c7b3eabe41420cdd4d07649433.js",
          "es-ES": "PropertyControlStrings_es-es_bf3fed45d9ab4bfcbc1a8f1154ed3efd.js",
          "et-EE": "PropertyControlStrings_et-ee_0185ff30ae87ce90e4e92ca552c72113.js",
          "fi-FI": "PropertyControlStrings_fi-fi_e66a7d8987f635dff1180d38d4f4be02.js",
          "fr-FR": "PropertyControlStrings_fr-fr_10fb9a63e4d55688a6a32651ecd0d7c2.js",
          "it-IT": "PropertyControlStrings_it-it_579aa7ec6184af74b68c440d900fcb7c.js",
          "ja-JP": "PropertyControlStrings_ja-jp_6faa5fb558332503e84dbc4ba1ec61ec.js",
          "lt-LT": "PropertyControlStrings_lt-lt_c33bb88fb983aad30cc086b3a21bc9c0.js",
          "lv-LV": "PropertyControlStrings_lv-lv_b8a04cf55550c75c8330aee5c48ef7ec.js",
          "nb-NO": "PropertyControlStrings_nb-no_c8c149a62776c9fd5fbde81d4afe2f88.js",
          "nl-NL": "PropertyControlStrings_nl-nl_bb4b9bbcf3528f84f65c176d10697197.js",
          "no": "PropertyControlStrings_no_ffa809fb347866c01f72c107382c6e6e.js",
          "pl-PL": "PropertyControlStrings_pl-pl_b29005ae2cc04860a049f69dfb1b386c.js",
          "pt-PT": "PropertyControlStrings_pt-pt_7fc41a3593a2c19de649ddfd9131fbf9.js",
          "ro-RO": "PropertyControlStrings_ro-ro_ea10add64697b82579199bba6fb33c1b.js",
          "ru-RU": "PropertyControlStrings_ru-ru_374991af888dea8806509ee0d8dd0593.js",
          "sk-SK": "PropertyControlStrings_sk-sk_469150295d10e7f0030756f1a4f98d92.js",
          "sr-Latn-RS": "PropertyControlStrings_sr-latn-rs_e4e114a085eae9b87ea6f63a577ed836.js",
          "sv-SE": "PropertyControlStrings_sv-se_8a45b8df6db70f6d875ae3cbcb0bfcb2.js",
          "tr-TR": "PropertyControlStrings_tr-tr_d5426979b2be36a1121cf27a106d30e0.js",
          "vi-VN": "PropertyControlStrings_vi-vn_f80d9ea3b90ca91c58c3c42b89f8bf41.js",
          "zh-CN": "PropertyControlStrings_zh-cn_0e28954ea11f5378ff43ace8394b8355.js",
          "zh-TW": "PropertyControlStrings_zh-tw_b8ea9e303468568f4c4f40e6502e5b93.js"
        },
        "defaultPath": "PropertyControlStrings_en-us_8d31c2c7b3eabe41420cdd4d07649433.js"
      }
    }
  }
}